언론사,섹션,발행시각,제목,URL
매일경제,세계,2026-09-05 11:16,"“3만m 상공서 아이폰을 던졌다”…추락 후에도 ‘멀쩡’, 기네스 신기록",https://n.news.naver.com/article/009/0005730786
한국경제,세계,2026-09-05 11:09,세 자녀 살해했는데 '심리무효'…美 배심원 끝내 결론 못냈다,https://n.news.naver.com/article/015/0005328979
매일경제,사회,2026-09-05 11:03,배 아파 남의 집 보일러실 앞에서 대변 본 50대…벌금 300만원,https://n.news.naver.com/article/009/0005730785
한국경제,경제|생활/문화,2026-09-05 11:01,유니클로만 잘 나가는 줄 알았는데…한국서 잭팟 터트린 '자라',https://n.news.naver.com/article/015/0005328978
SBS,정치,2026-09-05 10:57,"""물건 잔뜩 챙겨 가고 있다""…한동훈, '김승원-브로커' 통화 녹취 공개",https://n.news.naver.com/article/055/0001386090
매일경제,경제|사회,2026-09-05 10:46,“삼전닉스 쉬어갈 때 뭘 살까?”…롱숏 베테랑이 찍은 3가지 업종 [여의도란도란],https://n.news.naver.com/article/009/0005730783
SBS,세계,2026-09-05 10:40,"미 정보당국 ""이란, 전쟁으로 더 자신감""…장기전 가능성 커져",https://n.news.naver.com/article/055/0001386086
매일경제,사회,2026-09-05 10:39,"“노트북을 반납하기 위해 업무파일 ‘싹’ 지웠다”…법원, 간부 징역형 왜?",https://n.news.naver.com/article/009/0005730782
SBS,세계,2026-09-05 10:39,"이란전 해법 불투명하지만…""트럼프 정부, 전후전략 구상 착수""",https://n.news.naver.com/article/055/0001386085
매일경제,사회,2026-09-05 10:38,"“나 이제 술 안 먹어!” 이영지, 웹예능 끝내며 1억원 ‘통 큰 기부’",https://n.news.naver.com/article/009/0005730781
SBS,세계,2026-09-05 10:36,"트럼프 특사, 모스크바·키이우 방문할 듯…평화협상 재시동",https://n.news.naver.com/article/055/0001386084
SBS,세계,2026-09-05 10:34,"트럼프, 6개월 넘긴 이란전에 ""별거 아닌 사소한 일…충돌일 뿐""",https://n.news.naver.com/article/055/0001386083
한국경제,경제,2026-09-05 10:31,개미도 데이터센터에 직접 투자하는 방법 없을까 [노정동의 어쩌다 투자자],https://n.news.naver.com/article/015/0005328977
한국경제,정치,2026-09-05 10:29,"장동혁 ""용혜인 지명 뒷배 김현지…순순히 물러서지 않을 것""",https://n.news.naver.com/article/015/0005328976
매일경제,경제|사회,2026-09-05 10:25,온라인서 ‘제주 실종 지도’까지 퍼졌다…연쇄 범죄 괴담의 진실은,https://n.news.naver.com/article/009/0005730780
매일경제,정치|사회,2026-09-05 10:23,‘무보수 비상근’ 박진영 美 출장 사적 일정 논란…네티즌 “과도한 트집” 비판,https://n.news.naver.com/article/009/0005730779
매일경제,경제,2026-09-05 10:09,“금리인하 안하면 미국 적자보는 나라와 무역 안한다”는 트럼프…한국은?,https://n.news.naver.com/article/009/0005730778
한국경제,경제,2026-09-05 10:09,"'2조달러' 앤트로픽 IPO 연기될 수도…""미 중간선거 직전 마무리""",https://n.news.naver.com/article/015/0005328975
매일경제,경제,2026-09-05 10:07,"“분명 병원 침대서 하룻밤 보냈는데”…보험금 안주겠다는 보험사, 왜? [어쩌다 세상이]",https://n.news.naver.com/article/009/0005730777
한국경제,경제,2026-09-05 10:04,엔비디아·오픈AI 격돌…고래싸움에 반도체 웃었다 [빈난새의 빈틈없이마켓],https://n.news.naver.com/article/015/0005328974
한국경제,경제,2026-09-05 10:01,“위스키 열풍 끝났다더니”…불황에도 더 비싸지고 늙어간다 [권용훈의 트렌드워치],https://n.news.naver.com/article/015/0005328973
한국경제,세계,2026-09-05 09:58,"탄약 거덜난 미국, 출구 전략 찾지만…""전쟁으로 이란 자신감 고조""",https://n.news.naver.com/article/015/0005328972
매일경제,사회,2026-09-05 09:48,“축의금 45만원부터 시작됐다”…친구 돈 77차례 1억8900만원 뜯어낸 30대,https://n.news.naver.com/article/009/0005730774
SBS,세계,2026-09-05 09:46,"미 정보당국 ""이란, 전쟁으로 더 자신감""…장기전 가능성 커져",https://n.news.naver.com/article/055/0001386079
한국경제,경제,2026-09-05 09:45,'2조달러' 앤트로픽 IPO에 불안한 삼전·닉스 개미들,https://n.news.naver.com/article/015/0005328971
매일경제,사회,2026-09-05 09:42,“휘발유 넣었는데 경유가 섞였다”…부산 주유소 180대 ‘혼유 사고’ 피해,https://n.news.naver.com/article/009/0005730773
SBS,정치,2026-09-05 09:36,"북, 유엔 재정분담률 0.004%…1인당 GNI 644달러 기준으로 책정",https://n.news.naver.com/article/055/0001386078
SBS,정치,2026-09-05 09:32,"김정은, 교육자들과 단체사진…""유능한 인재 알차게 키워야""",https://n.news.naver.com/article/055/0001386077
매일경제,생활/문화,2026-09-05 09:31,많이 팔아도 적자→20억 손실…권은비·윤형빈도 못 피한 창업 실패 [스테크],https://n.news.naver.com/article/009/0005730772
한국경제,경제,2026-09-05 09:31,법원경매 입찰가 ‘0’ 하나 잘못 쓰면 보증금 몰수?,https://n.news.naver.com/article/015/0005328970
SBS,사회,2026-09-05 09:31,오늘 여의도서 한화 불꽃축제…'별이 빛나는 밤' 펼친다,https://n.news.naver.com/article/055/0001386076
매일경제,사회,2026-09-05 09:26,불꽃축제에 마비된 한강…서울시 “정오 전 설치 돗자리 철거”,https://n.news.naver.com/article/009/0005730771
SBS,경제,2026-09-05 09:23,"삼성전자 DX 노조, 18일부터 이재용 회장 자택 앞 집회",https://n.news.naver.com/article/055/0001386075
한국경제,사회,2026-09-05 09:18,"""비트코인 6억 받고 흥신소 동원""… 北 지령에 탈북민·장교 미행",https://n.news.naver.com/article/015/0005328969
SBS,경제,2026-09-05 09:12,현대제철 미국 전기로 제철소 첫발…탄소저감 강판 270만t 생산,https://n.news.naver.com/article/055/0001386074
SBS,사회,2026-09-05 09:11,"[자막뉴스] ""범인 알겠지?"" 유튜버 영상 '파장'…고양이 살처분 두고 '정면충돌'",https://n.news.naver.com/article/055/0001386073
매일경제,사회,2026-09-05 09:10,“우리는 왜 성과급 잔치서 소외” 이재용 회장 집앞서 무기한 집회한다는 삼전 노조,https://n.news.naver.com/article/009/0005730769
SBS,사회,2026-09-05 09:06,"차량서 이상한 소리…""휘발유·경유 섞였다"" 부산 발칵",https://n.news.naver.com/article/055/0001386072
매일경제,생활/문화,2026-09-05 09:04,"“짝사랑 매니저에 납치당해”…‘남셋여셋’ 여배우, 30년 만 충격 고백",https://n.news.naver.com/article/009/0005730768
매일경제,정치|세계,2026-09-05 09:03,“천궁-Ⅱ 우크라에 팔도록 한국 압박해야”…트럼프가 공유한 칼럼,https://n.news.naver.com/article/009/0005730767
한국경제,경제,2026-09-05 09:01,새도약기금이 탕감한 빚 2.3조…60대가 가장 많았다,https://n.news.naver.com/article/015/0005328966
한국경제,IT/과학,2026-09-05 09:01,챗GPT 2300만명 쓰는데…'국가대표 AI' 아직 경쟁 중 [홍민성의 테토남],https://n.news.naver.com/article/015/0005328967
한국경제,정치,2026-09-05 09:01,"""용혜인, 애초에 장관직 고사했어야""…與 내부서 '사퇴론' 분출 [여의도는 지금]",https://n.news.naver.com/article/015/0005328968
SBS,세계,2026-09-05 09:00,"""지구가 경험한 적 없는 괴물이 온다""…초대형 기후 재앙의 경고 [스프]",https://n.news.naver.com/article/055/0001386071
한국경제,정치,2026-09-05 08:56,찬성 200표 넘긴 여성 법안…용혜인은 연이어 '기권표',https://n.news.naver.com/article/015/0005328965
한국경제,사회,2026-09-05 08:41,"삼전 DX노조 ""자사주 1000주 달라""…이재용 회장 집 찾아간다",https://n.news.naver.com/article/015/0005328964
SBS,정치,2026-09-05 08:39,"방미심위, 전국 청소년 대상 미디어 윤리 교육",https://n.news.naver.com/article/055/0001386069
한국경제,세계,2026-09-05 08:34,제미나이 믿고 8시간 산행했다가…해발 4000m서 조난,https://n.news.naver.com/article/015/0005328963
한국경제,사회,2026-09-05 08:31,"""日 여행 가는데 연차를 왜 써요""…2030 돌변한 이유 있었다 [휴가의 기술(下)]",https://n.news.naver.com/article/015/0005328962
매일경제,사회|생활/문화,2026-09-05 08:28,“오늘 여의도 불꽃축제 간다면 꼭 확인”…여의나루역 오후 7시부터 3시간 무정차,https://n.news.naver.com/article/009/0005730764
매일경제,경제,2026-09-05 08:21,“한국에서 거래하면 바보소리 들어요”…가상자산 ‘김치 프리미엄’의 비밀,https://n.news.naver.com/article/009/0005730763
매일경제,사회,2026-09-05 08:20,"“계약 끝나도 음원 수익 나눠야”…이승기, 후크 상대 6억 9000만원 승소",https://n.news.naver.com/article/009/0005730762
매일경제,경제|사회,2026-09-05 08:19,"“1인당 평균 136만원, 내 돈인데”…226만명 대상 3조원 건보 환급 지연 논란",https://n.news.naver.com/article/009/0005730761
한국경제,경제,2026-09-05 08:17,"고금리 우려에…서학개미, 단기채 ETF에 1256억 '뭉칫돈'",https://n.news.naver.com/article/015/0005328961
매일경제,사회|IT/과학,2026-09-05 08:01,"“AI 에이전트, ‘엔진’ 먼저 만들어야 토크·시간 소요 확 줄어”…10년차 기자의 AI에이전트 제작 도전기 2편",https://n.news.naver.com/article/009/0005730760
한국경제,정치|사회,2026-09-05 08:01,"[단독] ""이럴 거면 인터넷 끊어라""…PC카톡 금지에 공무원들 '술렁'",https://n.news.naver.com/article/015/0005328959
SBS,경제,2026-09-05 08:01,"주유소 기름값 16주째 하락…휘발유 1,860원·경유 1,845원",https://n.news.naver.com/article/055/0001386068
한국경제,경제,2026-09-05 07:54,"김정관 ""현대제철 美제철소, 한미 모두에 '윈윈'""",https://n.news.naver.com/article/015/0005328958
한국경제,정치,2026-09-05 07:52,혈세 유학 뒤 하루 만에 퇴직한 외교관…3억3410만원 환수,https://n.news.naver.com/article/015/0005328957
SBS,사회,2026-09-05 07:51,가평 녹수계곡서 다슬기 채취하던 70대 남성 숨져,https://n.news.naver.com/article/055/0001386067
한국경제,생활/문화,2026-09-05 07:48,전국 주유소 기름값 16주째 하락…국제유가는 급등,https://n.news.naver.com/article/015/0005328956
한국경제,세계,2026-09-05 07:45,"트럼프 특사, 러·우 연쇄 방문…평화협상 재시동",https://n.news.naver.com/article/015/0005328955
매일경제,경제,2026-09-05 07:43,“철강·부품·일자리 모두 미국에”…美가 반긴 현대제철 58억달러 투자,https://n.news.naver.com/article/009/0005730759
SBS,사회,2026-09-05 07:42,"고시생 위한 고시원?…""이젠 아냐"" 청년들이 찾는 이유",https://n.news.naver.com/article/055/0001386066
한국경제,생활/문화,2026-09-05 07:39,불꽃축제로 여의동로 전면 통제…여의나루역 오후 7~10시 무정차,https://n.news.naver.com/article/015/0005328954
한국경제,세계,2026-09-05 07:38,"트럼프 ""시진핑 부부 24일 미국 방문…훌륭한 일 해낼 것""",https://n.news.naver.com/article/015/0005328953
매일경제,경제,2026-09-05 07:33,"현대제철 들어오는 美 소도시…‘일자리 기대, 오염은 안돼’",https://n.news.naver.com/article/009/0005730758
SBS,사회,2026-09-05 07:32,올여름 안 보이더니…선선해지자 '가을 모기' 몰려온다,https://n.news.naver.com/article/055/0001386065
SBS,경제,2026-09-05 07:29,달러 환율 1년 2개월 만에 최저…더 떨어질까,https://n.news.naver.com/article/055/0001386064
SBS,사회,2026-09-05 07:28,잠든 승객 휴대전화 '슬쩍'…소매치기 피하려면?,https://n.news.naver.com/article/055/0001386063
SBS,사회,2026-09-05 07:26,"울음소리에 ""아기, 이리 와""…살해당한 아내의 마지막",https://n.news.naver.com/article/055/0001386062
매일경제,경제,2026-09-05 07:23,사탕수수밭 223만평이 제철소로…현대제철 ‘美 철강 퍼즐’ 맞췄다,https://n.news.naver.com/article/009/0005730757
SBS,사회,2026-09-05 07:17,"'술값 409만 원' 지귀연 기소…""무리한 법 적용""",https://n.news.naver.com/article/055/0001386061
한국경제,세계,2026-09-05 07:16,"트럼프 ""곡괭이산 곧 타격할 수도…이란과 충돌, 별것 아닌 일""",https://n.news.naver.com/article/015/0005328952
SBS,경제,2026-09-05 07:15,"금융노조 총파업…""금융 세계 8위 서울 두고 이전?""",https://n.news.naver.com/article/055/0001386060
한국경제,세계,2026-09-05 07:11,"트럼프 ""무역 중단"" 거론하며 Fed에 기준금리 인하 압박",https://n.news.naver.com/article/015/0005328951
SBS,사회,2026-09-05 07:09,'3인 셀카' 찍고 안 만났다더니…또 브로커와 찍은 사진,https://n.news.naver.com/article/055/0001386059
매일경제,경제,2026-09-05 07:07,억만장자들 재산 2경원…어디서 돈 벌었나 했더니,https://n.news.naver.com/article/009/0005730756
SBS,세계,2026-09-05 07:05,"""터널에 수백 명 갇혀""…진흙더미 쌓이고 흙탕물 잠겨",https://n.news.naver.com/article/055/0001386058
한국경제,경제,2026-09-05 07:04,고용 호조에 9월 美금리 인상 가능성 58%…3대지수 하락 [뉴욕증시 브리핑],https://n.news.naver.com/article/015/0005328950
매일경제,사회,2026-09-05 07:01,"허가는 받았는데, 왜 다시 법정에 서야할까 [지평 기후에너지리포트]",https://n.news.naver.com/article/009/0005730754
매일경제,사회,2026-09-05 07:01,"매경이 전하는 세상의 지식 (매-세-지, 9월 5일)",https://n.news.naver.com/article/009/0005730755
한국경제,경제,2026-09-05 07:01,"한집에서 20년 살았는데…""보유세만 1억 내야할 판"" 한숨 [고정삼의 절세GPT]",https://n.news.naver.com/article/015/0005328948
한국경제,경제,2026-09-05 07:01,"[토요칼럼] 부동산 정책, 유일한 정답 찾기에서 벗어나야",https://n.news.naver.com/article/015/0005328949
SBS,사회,2026-09-05 07:00,"남양주 창고서 불…연기 다량 발생, 진화 중",https://n.news.naver.com/article/055/0001386057
SBS,사회,2026-09-05 06:59,오늘 여의도 불꽃축제로 교통통제…여의나루역 19시부터 3시간 무정차,https://n.news.naver.com/article/055/0001386056
매일경제,경제|세계,2026-09-05 06:48,"트럼프 “시진핑 부부, 이달 24일 미 방문…국빈만찬 열 것”",https://n.news.naver.com/article/009/0005730753
매일경제,경제|생활/문화,2026-09-05 06:46,"한국車 다 죽이겠다?…‘중국산’ 무시했는데, 테슬라·BYD 판매폭증에 위기일발 [최기성의 허브車]",https://n.news.naver.com/article/009/0005730752
매일경제,세계,2026-09-05 06:40,트럼프 “곡괭이산 곧 공격할 수도…이란 전역서 이동하는 모든 사람 알아”,https://n.news.naver.com/article/009/0005730751
SBS,생활/문화,2026-09-05 06:33,[날씨] 맑고 선선한 주말…강원 산지·동해안 약한 비,https://n.news.naver.com/article/055/0001386055
SBS,사회,2026-09-05 06:29,오늘 세계불꽃축제…'명당 돗자리' 수십만 원 거래 논란,https://n.news.naver.com/article/055/0001386054
매일경제,경제|사회|생활/문화,2026-09-05 06:26,“오늘 배달 안 가요” 여의도·한강 일대 배달 안 되는 시간 보니,https://n.news.naver.com/article/009/0005730750
SBS,사회,2026-09-05 06:26,"""직장 잃을까 봐 범행""…사이코패스 ""기준 미달""",https://n.news.naver.com/article/055/0001386053
SBS,정치,2026-09-05 06:25,"""성차별 만연 '언더 조직' 문화, 용혜인 직접 답해야""",https://n.news.naver.com/article/055/0001386052
SBS,정치,2026-09-05 06:22,"한동훈 ""김승원, '승인되는 순간 수천억' 언급""",https://n.news.naver.com/article/055/0001386051
SBS,사회,2026-09-05 06:19,부산 예인선 침몰 나흘째…기상 악화에 수중 수색 중단,https://n.news.naver.com/article/055/0001386050
SBS,세계,2026-09-05 06:15,미국 고용시장 호조…트럼프는 금리 인하 압박,https://n.news.naver.com/article/055/0001386049
SBS,세계,2026-09-05 06:13,"한국인 9명 실종자 수색 난항…네팔군 ""도보 수색 불허""",https://n.news.naver.com/article/055/0001386048
매일경제,경제,2026-09-05 06:12,“500만원 썼더니 이자만 95만원”…현금서비스 쓴 10명 중 8명 ‘금리 20%’,https://n.news.naver.com/article/009/0005730749
SBS,정치,2026-09-05 06:10,"""호르무즈 파병안 아직 정해진 건 없어""…범여권 '반발'",https://n.news.naver.com/article/055/0001386047
SBS,사회,2026-09-05 06:06,[모닝와이드] 오늘의 주요뉴스,https://n.news.naver.com/article/055/0001386046
한국경제,경제,2026-09-05 06:01,반찬 팔더니 1000억 쓸어 담았다…'초대박 비결' 알고 보니 [권용훈의 트렌드워치],https://n.news.naver.com/article/015/0005328944
한국경제,IT/과학,2026-09-05 06:01,"""일하느라 찐 살 회삿돈으로 빼라""…'파격 복지' 내건 기업",https://n.news.naver.com/article/015/0005328945
한국경제,경제,2026-09-05 06:01,'美서 쇳물 뽑아 자동차까지'…정의선 '8조 승부수' 띄웠다,https://n.news.naver.com/article/015/0005328946
한국경제,경제|세계,2026-09-05 06:01,"트럼프 ""금리 안 낮추면 무역 중단""…막무가내 발언 왜 나왔나 [Fed 워치]",https://n.news.naver.com/article/015/0005328947
매일경제,경제,2026-09-05 06:00,“갑자기 서울을 떠나라니요”…금융공기관 ‘지방이전 반대’ 3만명 거리로,https://n.news.naver.com/article/009/0005730746
매일경제,경제,2026-09-05 06:00,"“주식이랑 완전히 반대로 가는건가요?”…비트코인, 최근 상승세 봤더니",https://n.news.naver.com/article/009/0005730747
매일경제,사회,2026-09-05 06:00,7일부터 ‘수시 눈치전쟁’…N수생·지역의사·무상등록금 변수넘쳐,https://n.news.naver.com/article/009/0005730748
매일경제,경제,2026-09-05 05:59,두쪽난 연준과 불안한 금리와 그걸 지켜보는 우리…전망도 딱 ‘반반’,https://n.news.naver.com/article/009/0005730744
매일경제,경제|세계,2026-09-05 05:59,트럼프 “피부색 다르면 장학금 준다고?”…소수인종 배려한 학교 경고,https://n.news.naver.com/article/009/0005730745
SBS,세계,2026-09-05 05:58,"트럼프 ""시진핑 부부, 9월 24일 미 방문…국빈만찬 열 것""",https://n.news.naver.com/article/055/0001386045
SBS,사회,2026-09-05 05:55,인천 드림파크스포츠센터 주차장서 차량 화재…1명 숨진 채 발견,https://n.news.naver.com/article/055/0001386044
SBS,세계,2026-09-05 04:46,"""기름 훔치려다""…나이지리아서 유독가스 흡입 최소 43명 사망",https://n.news.naver.com/article/055/0001386043
SBS,세계,2026-09-05 04:43,"트럼프 ""이란 '곡괭이산' 곧 공격할 수도 있다""",https://n.news.naver.com/article/055/0001386042
SBS,세계,2026-09-05 01:27,"트럼프 ""연준 금리인하 안 하면 미국이 적자 보는 나라와 무역 중단""",https://n.news.naver.com/article/055/0001386041
SBS,세계,2026-09-05 01:08,"한국인 9명 실종지역 도보수색 불허…네팔군 ""위험""",https://n.news.naver.com/article/055/0001386040
한국경제,경제|세계,2026-09-05 01:05,"젠슨 황, 챗GPT 대항마 키운다 [박신영의 개장전 요것만]",https://n.news.naver.com/article/015/0005328943
한국경제,경제|세계,2026-09-05 00:44,"美 국채서 떠나려는 국부펀드는 어디?…주가 부진, 메모리는 잘못이 없다[박신영의 개장전 요것만]",https://n.news.naver.com/article/015/0005328942
SBS,정치,2026-09-05 00:19,"민주당 전대 여론조사 조작의혹 유튜버, 김민석 명예훼손 등으로 고소",https://n.news.naver.com/article/055/0001386039
한국경제,생활/문화,2026-09-05 00:01,[오늘의 운세] 오늘 뭐 먹지?…9월 5일 띠별 추천 점심메뉴,https://n.news.naver.com/article/015/0005328930
한국경제,생활/문화,2026-09-05 00:01,[오늘의 운세] 2026년 9월 5일 별자리 운세,https://n.news.naver.com/article/015/0005328931
한국경제,생활/문화,2026-09-05 00:01,[오늘의 운세] 2026년 9월 5일 오행별 행운의 컬러,https://n.news.naver.com/article/015/0005328932
